VLF,LF,HF
0.000069 ,0.000250 ,0.000766 
0.000090 ,0.000347 ,0.002214 
0.000047 ,0.000204 ,0.000681 
0.000037 ,0.000124 ,0.000382 
0.000126 ,0.000546 ,0.001695 
0.000049 ,0.000131 ,0.001158 
0.000492 ,0.001545 ,0.004272 
0.000299 ,0.001097 ,0.004388 
0.000723 ,0.002363 ,0.006695 
0.000064 ,0.000262 ,0.000738 
